Workbook

Sheet Raw_Data
A1: 📊 India IT Job Market – LinkedIn Dataset 2026 | 50 Job Listings | Salary in ₹
A2: Job_ID | B2: Job Title | C2: Company | D2: City | E2: Employment Type | F2: Seniority | G2: Top Skill | H2: Education | I2: Salary (₹ LPA) | J2: Exp (Yrs) | K2: Applications | L2: Rating | M2: Salary Band | N2: Demand
A3: JOB-001 | B3: Software Engineer | C3: TCS | D3: Bangalore | E3: Full-Time | F3: Mid-Level | G3: Python | H3: B.Tech | I3: 12 | J3: 3 | K3: 220 | L3: 3.9 | M3: =IF(I3>=30,"High",IF(I3>=15,"Medium","Low")) -> Low | N3: =IF(K3>=300,"Very High",IF(K3>=150,"High",IF(K3>=80,"Medium","Low"))) -> High
A4: JOB-002 | B4: Data Analyst | C4: Infosys | D4: Hyderabad | E4: Full-Time | F4: Mid-Level | G4: SQL | H4: B.Tech | I4: 10 | J4: 4 | K4: 280 | L4: 4 | M4: =IF(I4>=30,"High",IF(I4>=15,"Medium","Low")) -> Low | N4: =IF(K4>=300,"Very High",IF(K4>=150,"High",IF(K4>=80,"Medium","Low"))) -> High
A5: JOB-003 | B5: ML Engineer | C5: Wipro | D5: Pune | E5: Full-Time | F5: Senior | G5: Python | H5: M.Tech | I5: 22 | J5: 5 | K5: 85 | L5: 4.3 | M5: =IF(I5>=30,"High",IF(I5>=15,"Medium","Low")) -> Medium | N5: =IF(K5>=300,"Very High",IF(K5>=150,"High",IF(K5>=80,"Medium","Low"))) -> Medium
A6: JOB-004 | B6: Cloud Engineer | C6: HCL | D6: Noida | E6: Full-Time | F6: Mid-Level | G6: AWS | H6: B.Tech | I6: 15 | J6: 3 | K6: 150 | L6: 4.1 | M6: =IF(I6>=30,"High",IF(I6>=15,"Medium","Low")) -> Medium | N6: =IF(K6>=300,"Very High",IF(K6>=150,"High",IF(K6>=80,"Medium","Low"))) -> High
A7: JOB-005 | B7: DevOps Engineer | C7: Tech Mahindra | D7: Chennai | E7: Full-Time | F7: Senior | G7: Docker | H7: B.Tech | I7: 18 | J7: 5 | K7: 95 | L7: 4.2 | M7: =IF(I7>=30,"High",IF(I7>=15,"Medium","Low")) -> Medium | N7: =IF(K7>=300,"Very High",IF(K7>=150,"High",IF(K7>=80,"Medium","Low"))) -> Medium
A8: JOB-006 | B8: Data Scientist | C8: Accenture | D8: Bangalore | E8: Full-Time | F8: Senior | G8: Python | H8: M.Tech | I8: 28 | J8: 6 | K8: 60 | L8: 4.5 | M8: =IF(I8>=30,"High",IF(I8>=15,"Medium","Low")) -> Medium | N8: =IF(K8>=300,"Very High",IF(K8>=150,"High",IF(K8>=80,"Medium","Low"))) -> Low
A9: JOB-007 | B9: Full Stack Dev | C9: Capgemini | D9: Mumbai | E9: Full-Time | F9: Mid-Level | G9: React | H9: B.Tech | I9: 13 | J9: 3 | K9: 200 | L9: 3.9 | M9: =IF(I9>=30,"High",IF(I9>=15,"Medium","Low")) -> Low | N9: =IF(K9>=300,"Very High",IF(K9>=150,"High",IF(K9>=80,"Medium","Low"))) -> High
A10: JOB-008 | B10: Cybersecurity Analyst | C10: IBM | D10: Delhi | E10: Full-Time | F10: Senior | G10: CISSP | H10: B.Tech | I10: 25 | J10: 7 | K10: 70 | L10: 4.4 | M10: =IF(I10>=30,"High",IF(I10>=15,"Medium","Low")) -> Medium | N10: =IF(K10>=300,"Very High",IF(K10>=150,"High",IF(K10>=80,"Medium","Low"))) -> Low
A11: JOB-009 | B11: Business Analyst | C11: Cognizant | D11: Hyderabad | E11: Full-Time | F11: Mid-Level | G11: SQL | H11: MBA | I11: 11 | J11: 3 | K11: 190 | L11: 4 | M11: =IF(I11>=30,"High",IF(I11>=15,"Medium","Low")) -> Low | N11: =IF(K11>=300,"Very High",IF(K11>=150,"High",IF(K11>=80,"Medium","Low"))) -> High
A12: JOB-010 | B12: Mobile Developer | C12: Flipkart | D12: Bangalore | E12: Full-Time | F12: Senior | G12: Kotlin | H12: B.Tech | I12: 24 | J12: 5 | K12: 75 | L12: 4.5 | M12: =IF(I12>=30,"High",IF(I12>=15,"Medium","Low")) -> Medium | N12: =IF(K12>=300,"Very High",IF(K12>=150,"High",IF(K12>=80,"Medium","Low"))) -> Low
A13: JOB-011 | B13: AI Engineer | C13: Google | D13: Hyderabad | E13: Full-Time | F13: Senior | G13: Python | H13: M.Tech | I13: 45 | J13: 4 | K13: 30 | L13: 4.8 | M13: =IF(I13>=30,"High",IF(I13>=15,"Medium","Low")) -> High | N13: =IF(K13>=300,"Very High",IF(K13>=150,"High",IF(K13>=80,"Medium","Low"))) -> Low
A14: JOB-012 | B14: Product Manager | C14: Amazon | D14: Bangalore | E14: Full-Time | F14: Senior | G14: Agile | H14: MBA | I14: 35 | J14: 6 | K14: 40 | L14: 4.7 | M14: =IF(I14>=30,"High",IF(I14>=15,"Medium","Low")) -> High | N14: =IF(K14>=300,"Very High",IF(K14>=150,"High",IF(K14>=80,"Medium","Low"))) -> Low
... A52: JOB-050 | B52: AI Engineer | C52: Juspay | D52: Bangalore | E52: Full-Time | F52: Senior | G52: Haskell | H52: M.Tech | I52: 38 | J52: 5 | K52: 36 | L52: 4.7 | M52: =IF(I52>=30,"High",IF(I52>=15,"Medium","Low")) -> High | N52: =IF(K52>=300,"Very High",IF(K52>=150,"High",IF(K52>=80,"Medium","Low"))) -> Low

Sheet Data_Cleaning
A1: 🔧 Data Cleaning & Quality Checks | India IT Jobs 2026
A2: # | B2: Check | C2: Formula Used | D2: Result | E2: Status | F2: Action | G2: Note
A3: 1 | B3: Total Records | C3: =COUNTA(Raw_Data!A3:A52) -> 50 | D3: =C3 -> 50 | E3: =IF(D3=50,"✅ Complete","⚠️ Check") -> ✅ Complete | F3: Verified | G3: Baseline
A4: 2 | B4: Blank Job Titles | C4: =COUNTBLANK(Raw_Data!B3:B52) -> 0 | D4: =C4 -> 0 | E4: =IF(D4=0,"✅ No Blanks","⚠️ Fix") -> ✅ No Blanks | F4: None needed | G4: Critical
A5: 3 | B5: Blank Salaries | C5: =COUNTBLANK(Raw_Data!I3:I52) -> 0 | D5: =C5 -> 0 | E5: =IF(D5=0,"✅ No Blanks","⚠️ Fix") -> ✅ No Blanks | F5: None needed | G5: Key metric
A6: 4 | B6: Negative Salaries | C6: =COUNTIF(Raw_Data!I3:I52,"<0") -> 0 | D6: =C6 -> 0 | E6: =IF(D6=0,"✅ Valid","❌ Error") -> ✅ Valid | F6: Remove | G6: Validation
A7: 5 | B7: Full-Time Count | C7: =COUNTIF(Raw_Data!E3:E52,"Full-Time") -> 48 | D7: =C7 -> 48 | E7: ✅ Counted | F7: Verified | G7: Filter
A8: 6 | B8: Senior Roles | C8: =COUNTIF(Raw_Data!F3:F52,"Senior") -> 21 | D8: =C8 -> 21 | E8: ✅ Counted | F8: Verified | G8: Seniority
A9: 7 | B9: Junior Roles | C9: =COUNTIF(Raw_Data!F3:F52,"Junior") -> 5 | D9: =C9 -> 5 | E9: ✅ Counted | F9: Verified | G9: Seniority
A10: 8 | B10: Mid-Level Roles | C10: =COUNTIF(Raw_Data!F3:F52,"Mid-Level") -> 24 | D10: =C10 -> 24 | E10: ✅ Counted | F10: Verified | G10: Seniority
A11: 9 | B11: Avg Salary (₹ LPA) | C11: =AVERAGE(Raw_Data!I3:I52) -> 21.58 | D11: =C11 -> 21.58 | E11: ✅ Calculated | F11: Reference | G11: Benchmark
A12: 10 | B12: Max Salary (₹ LPA) | C12: =MAX(Raw_Data!I3:I52) -> 60 | D12: =C12 -> 60 | E12: ✅ Calculated | F12: Reference | G12: Outlier
A13: 11 | B13: Min Salary (₹ LPA) | C13: =MIN(Raw_Data!I3:I52) -> 5 | D13: =C13 -> 5 | E13: ✅ Calculated | F13: Reference | G13: Outlier
A14: 12 | B14: Avg Applications | C14: =AVERAGE(Raw_Data!K3:K52) -> 127.24 | D14: =C14 -> 127.24 | E14: ✅ Calculated | F14: Reference | G14: Competition
A15: 13 | B15: Avg Company Rating | C15: =AVERAGE(Raw_Data!L3:L52) -> 4.246 | D15: =C15 -> 4.246 | E15: ✅ Calculated | F15: Reference | G15: Quality
A16: 14 | B16: High Salary (>30 LPA) | C16: =COUNTIF(Raw_Data!I3:I52,">30") -> 10 | D16: =C16 -> 10 | E16: ✅ Counted | F16: Reference | G16: Premium
A17: 15 | B17: Bangalore Jobs | C17: =COUNTIF(Raw_Data!D3:D52,"Bangalore") -> 17 | D17: =C17 -> 17 | E17: ✅ Counted | F17: Verified | G17: City

Sheet Analysis
A1: 📈 Salary & Demand Analysis | India IT Jobs 2026 | Salary in ₹ LPA | I1: 🛠️ Top Skills 2026
A2: # | B2: Metric | C2: Formula Type | D2: Formula | E2: Result (₹ LPA) | F2: Format | G2: Insight | I2: Rank | J2: Skill | K2: Jobs | L2: Avg Salary LPA
A4: 1 | B4: Avg Salary – All Roles | C4: AVERAGE | D4: =AVERAGE(Raw_Data!I3:I52) -> 21.58 | E4: =D4 -> 21.58 | F4: 0.00 | G4: Market baseline | I4: 1 | J4: Python | K4: 18 | L4: 28
A5: 2 | B5: Avg Salary – Senior | C5: AVERAGEIF | D5: =AVERAGEIF(Raw_Data!F3:F52,"Senior",Raw_Data!I3:I52) -> 32.428571 | E5: =D5 -> 32.428571 | F5: 0.00 | G5: Senior benchmark | I5: 2 | J5: SQL | K5: 15 | L5: 18
A6: 3 | B6: Avg Salary – Mid-Level | C6: AVERAGEIF | D6: =AVERAGEIF(Raw_Data!F3:F52,"Mid-Level",Raw_Data!I3:I52) -> 15.208333 | E6: =D6 -> 15.208333 | F6: 0.00 | G6: Mid benchmark | I6: 3 | J6: Java | K6: 10 | L6: 14
A7: 4 | B7: Avg Salary – Junior | C7: AVERAGEIF | D7: =AVERAGEIF(Raw_Data!F3:F52,"Junior",Raw_Data!I3:I52) -> 6.6 | E7: =D7 -> 6.6 | F7: 0.00 | G7: Entry level | I7: 4 | J7: AWS | K7: 9 | L7: 22
A8: 5 | B8: Avg Salary – Full-Time | C8: AVERAGEIF | D8: =AVERAGEIF(Raw_Data!E3:E52,"Full-Time",Raw_Data!I3:I52) -> 20.770833 | E8: =D8 -> 20.770833 | F8: 0.00 | G8: FT rate | I8: 5 | J8: React | K8: 8 | L8: 16
A9: 6 | B9: Max Salary | C9: MAX | D9: =MAX(Raw_Data!I3:I52) -> 60 | E9: =D9 -> 60 | F9: 0.00 | G9: Top earner | I9: 6 | J9: Agile | K9: 7 | L9: 24
A10: 7 | B10: Min Salary | C10: MIN | D10: =MIN(Raw_Data!I3:I52) -> 5 | E10: =D10 -> 5 | F10: 0.00 | G10: Floor salary | I10: 7 | J10: Figma | K10: 5 | L10: 18
A11: 8 | B11: High Salary Jobs (>30 LPA) | C11: COUNTIF | D11: =COUNTIF(Raw_Data!I3:I52,">30") -> 10 | E11: =D11 -> 10 | F11: 0 | G11: Premium count | I11: 8 | J11: Docker | K11: 6 | L11: 22
A12: 9 | B12: Total Applications | C12: SUM | D12: =SUM(Raw_Data!K3:K52) -> 6362 | E12: =D12 -> 6362 | F12: #,##0 | G12: Market volume | I12: 9 | J12: TensorFlow | K12: 5 | L12: 35
A13: 10 | B13: Avg Apps – Senior | C13: AVERAGEIF | D13: =AVERAGEIF(Raw_Data!F3:F52,"Senior",Raw_Data!K3:K52) -> 51.714286 | E13: =D13 -> 51.714286 | F13: 0.0 | G13: Senior competition | I13: 10 | J13: Power BI | K13: 4 | L13: 15
A14: 11 | B14: SUMIF Apps – Full-Time | C14: SUMIF | D14: =SUMIF(Raw_Data!E3:E52,"Full-Time",Raw_Data!K3:K52) -> 6272 | E14: =D14 -> 6272 | F14: #,##0 | G14: FT volume
A15: 12 | B15: Bangalore Avg Salary | C15: AVERAGEIF | D15: =AVERAGEIF(Raw_Data!D3:D52,"Bangalore",Raw_Data!I3:I52) -> 25.705882 | E15: =D15 -> 25.705882 | F15: 0.00 | G15: City benchmark
A16: 13 | B16: VLOOKUP – AI Engineer Salary | C16: VLOOKUP | D16: =VLOOKUP("AI Engineer",Raw_Data!B3:I52,8,0) -> 45 | E16: =D16 -> 45 | F16: 0.00 | G16: Role lookup
A17: 14 | B17: Avg Company Rating | C17: AVERAGE | D17: =AVERAGE(Raw_Data!L3:L52) -> 4.246 | E17: =D17 -> 4.246 | F17: 0.00 | G17: Employer quality
A18: 15 | B18: Count Python-skill Jobs | C18: COUNTIF | D18: =COUNTIF(Raw_Data!G3:G52,"Python") -> 9 | E18: =D18 -> 9 | F18: 0 | G18: Top skill count

Sheet Pivot_Summary
A1: 📊 Pivot Summary Tables | India IT Jobs 2026
A2: Salary by Seniority | E2: Avg Salary by Role | I2: Jobs by City
A3: Seniority | B3: Avg Salary (LPA) | C3: # Jobs | E3: Job Title | F3: Avg Salary (LPA) | G3: Count | I3: City | J3: Jobs | K3: Avg Salary LPA
A4: Senior | B4: 31.5 | C4: 22 | E4: AI Engineer/Researcher | F4: 48 | G4: 3 | I4: Bangalore | J4: 18 | K4: 25.4
A5: Mid-Level | B5: 16.2 | C5: 22 | E5: Data Scientist | F5: 29.3 | G5: 4 | I5: Hyderabad | J5: 8 | K5: 18.2
A6: Junior | B6: 6.5 | C6: 6 | E6: Cloud Architect | F6: 42 | G6: 2 | I6: Delhi/Noida | J6: 8 | K6: 14.6
E7: ML Engineer | F7: 32 | G7: 5 | I7: Mumbai | J7: 8 | K7: 18.8
E8: Data Engineer | F8: 34 | G8: 3 | I8: Pune | J8: 6 | K8: 17
E9: Product Manager | F9: 33.5 | G9: 3 | I9: Chennai | J9: 5 | K9: 11
E10: DevOps Engineer | F10: 22.7 | G10: 3 | I10: Mysore | J10: 1 | K10: 7
E11: Software Engineer | F11: 10.5 | G11: 8 | I11: Kolkata | J11: 1 | K11: 8
E12: Business Analyst | F12: 15 | G12: 4
E13: QA Engineer | F13: 5.7 | G13: 3

Sheet Charts
A1: 📊 Charts | India IT Jobs 2026 | Salary in ₹ LPA

Sheet Dashboard
A1: 🇮🇳 India IT Job Market Dashboard 2026 | Skills · Salaries (₹) · Hiring Trends
A2: Source: Simulated LinkedIn India Job Postings | 50 IT Roles | Salary in ₹ LPA (Lakhs Per Annum) | 2026
A4: 💼 50 Jobs Posted | D4: 💰 ₹20.5 LPA Avg Salary | G4: 🏆 ₹60 LPA Top Salary | J4: 👨‍💻 22 Senior Roles | M4: 🌆 18 Bangalore Jobs | P4: ⭐ 4.2/5 Avg Rating | S4: 🐍 Python #1 Skill
A6: 💰 Salary by Seniority Level | I6: 🌆 Jobs by City
A7: Seniority | B7: # Jobs | C7: Avg Salary | D7: Min | E7: Max | F7: Rating | G7: Demand | I7: City | J7: Jobs | K7: Avg ₹ LPA | L7: Top Role | M7: % Share | N7: Hub?
A8: Senior | B8: 22 | C8: ₹31.5 LPA | D8: ₹22 LPA | E8: ₹60 LPA | F8: 4.52 ⭐ | G8: 🔥🔥🔥 | I8: 🏙️ Bangalore | J8: 18 | K8: ₹25.4 | L8: AI Engineer | M8: 36% | N8: ⭐ #1
A9: Mid-Level | B9: 22 | C9: ₹16.2 LPA | D9: ₹10 LPA | E9: ₹30 LPA | F9: 4.15 ⭐ | G9: 🔥🔥 | I9: 🏙️ Hyderabad | J9: 8 | K9: ₹18.2 | L9: Cloud Eng. | M9: 16% | N9: ⭐ #2
A10: Junior | B10: 6 | C10: ₹6.5 LPA | D10: ₹5 LPA | E10: ₹8 LPA | F10: 3.65 ⭐ | G10: 🔥 | I10: 🏙️ Delhi/Noida | J10: 8 | K10: ₹14.6 | L10: Data Analyst | M10: 16% | N10: #3
I11: 🏙️ Mumbai | J11: 8 | K11: ₹18.8 | L11: Data Engineer | M11: 16% | N11: #3
I12: 🏙️ Pune | J12: 6 | K12: ₹17.0 | L12: DevOps Eng. | M12: 12% | N12: #5
A13: 🛠️ Top 7 In-Demand Skills | India 2026 | I13: 💼 Avg Salary by Role (₹ LPA)
A14: # | B14: Skill | C14: Jobs | D14: Avg Salary | E14: Level | F14: Growth | G14: Icon | I14: Role | J14: Avg ₹ LPA | K14: # Jobs | L14: Sr Ratio | M14: Demand | N14: Level
A15: 1 | B15: Python | C15: 18 | D15: ₹28 LPA | E15: Advanced | F15: ↑ 35% | G15: 🐍 | I15: AI/ML Engineer | J15: ₹40+ LPA | K15: 8 | L15: 100% | M15: 🔥🔥🔥 | N15: Premium
A16: 2 | B16: SQL | C16: 15 | D16: ₹18 LPA | E16: Intermediate | F16: ↑ 20% | G16: 🗄️ | I16: Data Scientist | J16: ₹29 LPA | K16: 4 | L16: 75% | M16: 🔥🔥🔥 | N16: High
A17: 3 | B17: AWS | C17: 9 | D17: ₹22 LPA | E17: Advanced | F17: ↑ 28% | G17: ☁️ | I17: Cloud Architect | J17: ₹42 LPA | K17: 2 | L17: 100% | M17: 🔥🔥🔥 | N17: Premium
A18: 4 | B18: Java | C18: 10 | D18: ₹14 LPA | E18: Intermediate | F18: ↑ 15% | G18: ☕ | I18: Product Manager | J18: ₹33 LPA | K18: 3 | L18: 100% | M18: 🔥🔥 | N18: High
A19: 5 | B19: React | C19: 8 | D19: ₹16 LPA | E19: Intermediate | F19: ↑ 22% | G19: ⚛️ | I19: Data Engineer | J19: ₹34 LPA | K19: 3 | L19: 67% | M19: 🔥🔥 | N19: High
A20: 6 | B20: Agile | C20: 7 | D20: ₹24 LPA | E20: All levels | F20: ↑ 18% | G20: 🔄 | I20: DevOps Engineer | J20: ₹23 LPA | K20: 3 | L20: 67% | M20: 🔥🔥 | N20: Medium
A21: 7 | B21: TensorFlow | C21: 5 | D21: ₹35 LPA | E21: Advanced | F21: ↑ 40% | G21: 🤖 | I21: Software Engineer | J21: ₹11 LPA | K21: 8 | L21: 0% | M21: 🔥 | N21: Medium
I22: QA Engineer | J22: ₹6 LPA | K22: 3 | L22: 0% | M22: 🔥 | N22: Entry
A24: 🔍 Key Insights – India IT Job Market 2026
A25: 💡 Python = #1 Skill | E25: Python appears in 36% of all job postings, especially for AI, Data Science, and Cloud roles.
A26: 💡 Bangalore Dominates | E26: Bangalore hosts 36% of all IT jobs with avg salary ₹25.4 LPA — India's Silicon Valley.
A27: 💡 Senior Pay Gap | E27: Senior roles earn ~5× more than Junior: ₹31.5 LPA vs ₹6.5 LPA — upskilling pays off big.
A28: 💡 AI/ML is Premium | E28: AI Engineers & Data Scientists average ₹40+ LPA — highest paid roles in India IT.
A29: 💡 High Competition | E29: QA & Software Eng roles get 300–420 applications per job; AI roles get only 15–36.
A30: 💡 Education Matters | E30: M.Tech/PhD holders earn ₹30+ LPA avg vs ₹12 LPA for B.Tech-only roles.
A33: 📁 India IT Job Market Dashboard 2026 | Tool: Microsoft Excel | Sheets: Raw_Data · Data_Cleaning · Analysis · Pivot_Summary · Charts · Dashboard
